restaurant_id,restaurant_name,city,locality,latitude,longitude,restaurant_type,cuisines,top_selling_dish,average_rating_both_platforms,customer_sentiment_score,avg_cost_per_person_inr,price_category,swiggy_avg_delivery_time_minutes,zomato_avg_delivery_time_minutes,avg_prep_time_minutes,swiggy_estimated_monthly_orders,zomato_estimated_monthly_orders,monthly_order_growth_pct,weekend_order_uplift_pct,repeat_customer_pct,online_order_share_pct,swiggy_estimated_monthly_revenue_inr,zomato_estimated_monthly_revenue_inr,swiggy_estimated_net_profit_inr,zomato_estimated_net_profit_inr,listing_date
REST_001,Spice Garden,Bangalore,Jayanagar,12.9292731,77.5824229,Dine-in / Delivery,Appetizer / Beverage / Dessert / Main Course / Snack,Cheese Garlic Bread,2.82,0.53,275.81,Mid-Range,32,31,21,41917,33544,4.9,16.7,50.3,81.0,11560937.24,9251618.17,2080968.7,1572775.09,2023-01-15
REST_002,Flavors of Malabar,Chennai,Adyar,13.00645,80.2577791,Dine-in / Delivery,Appetizer / Beverage / Dessert / Main Course / Snack,Chicken Malai Tikka,3.16,0.58,336.24,Mid-Range,26,36,17,50201,40170,2.5,44.8,41.6,81.4,16879746.43,13506890.58,3038354.36,2296171.4,2023-01-15
REST_003,Copper Chimney Kitchen #5,Chennai,T. Nagar,13.0378289,80.231836,Dine-in / Delivery,Appetizer / Beverage / Dessert / Main Course / Snack,Sambar Rice,3.12,0.63,317.7,Mid-Range,34,40,14,36563,29228,8.4,44.5,36.3,90.1,11615923.33,9285622.27,2090866.2,1578555.79,2023-01-15
REST_004,Spice Garden #6,Bangalore,Mg Road,12.9755264,77.6067902,Dine-in / Delivery,Appetizer / Beverage / Dessert / Main Course / Snack,Paneer Butter Masala,2.86,0.57,277.93,Mid-Range,42,28,20,35724,28492,17.5,39.3,30.7,63.4,9928672.51,7918702.75,1787161.05,1346179.47,2023-01-15
REST_005,Royal Biryani Darbar #6,Chennai,Nungambakkam,13.0620626,80.240487,Dine-in / Delivery,Appetizer / Beverage / Dessert / Main Course / Snack,Matka Phirni,3.03,0.6,278.98,Mid-Range,31,36,24,31128,24927,15.4,20.2,33.7,66.4,8684112.22,6954152.7,1563140.2,1182205.96,2023-01-15
REST_006,Urban Bowl Co. #6,Bangalore,Koramangala,12.9357366,77.624081,Dine-in / Delivery,Appetizer / Beverage / Dessert / Main Course / Snack,Watermelon Juice,3.22,0.64,298.3,Mid-Range,34,28,17,36711,29265,3.0,40.3,35.7,73.8,10950891.3,8729749.5,1971160.43,1484057.42,2023-01-15
REST_007,The Punjabi Rasoi #6,Bangalore,Mg Road,12.9755264,77.6067902,Dine-in / Delivery,Appetizer / Beverage / Dessert / Main Course / Snack,Egg Curry,2.86,0.61,287.13,Mid-Range,32,38,18,37733,30270,10.6,43.8,49.6,86.2,10834307.09,8691449.81,1950175.28,1477546.47,2023-01-15
REST_008,Dosa Factory #6,Bangalore,Koramangala,12.9357366,77.624081,Dine-in / Delivery,Appetizer / Beverage / Dessert / Main Course / Snack,Paneer Butter Masala,3.07,0.62,343.34,Mid-Range,37,33,24,41160,32892,14.9,17.2,54.5,87.0,14132062.96,11293289.97,2543771.33,1919859.29,2023-01-15
REST_009,Tandoori Nights #6,Bangalore,Mg Road,12.9755264,77.6067902,Dine-in / Delivery,Appetizer / Beverage / Dessert / Main Course / Snack,Rose Milk,2.93,0.62,317.62,Mid-Range,41,32,14,36910,29482,14.7,33.2,52.4,82.8,11723498.95,9364188.46,2110229.81,1591912.04,2023-01-15
REST_010,Rolls & Bowls Express #6,Bangalore,Jayanagar,12.9292731,77.5824229,Dine-in / Delivery,Appetizer / Beverage / Dessert / Main Course / Snack,Mishti Doi,3.16,0.67,264.14,Mid-Range,36,26,12,37687,30262,3.5,24.3,31.4,85.5,9954480.63,7993273.35,1791806.51,1358856.47,2023-01-15
REST_011,Bawarchi Khana #6,Chennai,Nungambakkam,13.0620626,80.240487,Dine-in / Delivery,Appetizer / Beverage / Dessert / Main Course / Snack,Gulab Jamun with Ice Cream,2.89,0.58,280.23,Mid-Range,29,39,14,34268,27366,14.3,31.8,47.0,77.3,9602757.75,7668643.3,1728496.4,1303669.36,2023-01-15
REST_012,Chai & Samosa Hub #6,Bangalore,Indiranagar,12.9732913,77.6404672,Dine-in / Delivery,Appetizer / Beverage / Dessert / Main Course,Methi Malai Matar,2.66,0.49,342.2,Mid-Range,37,43,18,35996,28702,9.9,31.9,44.3,64.9,12317969.06,9821934.32,2217234.43,1669728.83,2023-01-15
REST_013,The Daily Thali,Chennai,T. Nagar,13.0378289,80.231836,Dine-in / Delivery,Appetizer / Beverage / Dessert / Main Course / Snack,Jeera Rice,3.11,0.6,290.95,Mid-Range,31,43,17,22877,18216,16.1,33.7,30.3,63.7,6656162.28,5300024.14,1198109.21,901004.1,2023-01-15
REST_014,Flavors of Malabar #6,Chennai,T. Nagar,13.0378289,80.231836,Dine-in / Delivery,Appetizer / Beverage / Dessert / Main Course / Snack,Mango Kulfi,2.64,0.5,287.55,Mid-Range,44,35,21,32677,26147,4.4,25.7,51.7,69.5,9396234.22,7518540.14,1691322.16,1278151.82,2023-01-15
REST_015,The Daily Thali #6,Chennai,Nungambakkam,13.0620626,80.240487,Dine-in / Delivery,Appetizer / Beverage / Dessert / Main Course / Snack,Mushroom Kurkure,3.26,0.68,255.79,Mid-Range,33,27,18,37386,30008,5.1,31.0,37.0,84.2,9562979.6,7675758.09,1721336.33,1304878.88,2023-01-15
REST_016,Curry Leaf Kitchen #6,Bangalore,Koramangala,12.9357366,77.624081,Dine-in / Delivery,Appetizer / Beverage / Dessert / Main Course / Snack,Paneer Manchurian,3.14,0.67,351.35,Mid-Range,33,44,12,42511,34023,3.5,22.6,28.6,84.4,14936232.26,11953974.97,2688521.81,2032175.74,2023-01-15
REST_017,Kebab Boulevard #6,New Delhi,Connaught Place,28.6317695,77.2193804,Dine-in / Delivery,Appetizer / Beverage / Dessert / Main Course / Snack,Dahi Ke Kebab,3.0,0.56,251.26,Mid-Range,41,41,13,44255,35412,10.3,16.5,29.8,91.8,11119300.91,8897450.77,2001474.16,1512566.63,2023-01-15
REST_018,Chilli & Pepper Wok #6,Bangalore,Jayanagar,12.9292731,77.5824229,Dine-in / Delivery,Appetizer / Beverage / Dessert / Main Course / Snack,Fish Tikka,2.9,0.54,349.28,Mid-Range,36,30,18,31791,25441,12.9,37.8,28.3,85.5,11103895.45,8885980.44,1998701.18,1510616.67,2023-01-15
REST_019,Mithai & Dessert Box #6,Bangalore,Koramangala,12.9357366,77.624081,Dine-in / Delivery,Appetizer / Beverage / Dessert / Main Course / Snack,Prawn Masala,3.22,0.66,321.59,Mid-Range,30,35,12,37158,29776,4.8,30.2,44.4,90.0,11949737.83,9575741.26,2150952.81,1627876.01,2023-01-15
REST_020,Biryani Central #6,New Delhi,Connaught Place,28.6317695,77.2193804,Dine-in / Delivery,Appetizer / Beverage / Dessert / Main Course / Snack,Rose Milk,2.82,0.52,304.01,Mid-Range,27,43,15,36856,29499,12.5,20.2,44.2,73.5,11204600.08,8967997.01,2016828.01,1524559.49,2023-01-15
REST_021,Udupi Sagar Express #6,Bangalore,Koramangala,12.9357366,77.624081,Dine-in / Delivery,Appetizer / Beverage / Dessert / Main Course / Snack,Gobi 65,2.96,0.56,286.48,Mid-Range,42,34,14,36526,29259,6.0,20.2,54.4,78.1,10463908.85,8382070.55,1883503.59,1424951.99,2023-01-15
REST_022,The Great Indian Feast #6,Bangalore,Indiranagar,12.9732913,77.6404672,Dine-in / Delivery,Appetizer / Beverage / Dessert / Main Course / Snack,Paneer Kathi Roll,2.83,0.62,270.57,Mid-Range,36,29,16,35012,27921,16.2,20.7,29.8,84.5,9473280.56,7554651.74,1705190.5,1284290.8,2023-01-15
REST_023,Kolkata Roll Corner #6,Bangalore,Koramangala,12.9357366,77.624081,Dine-in / Delivery,Appetizer / Beverage / Dessert / Main Course / Snack,Sweet Lassi,3.09,0.66,280.91,Mid-Range,25,44,22,32330,25907,17.0,38.6,43.4,80.3,9081745.11,7277475.12,1634714.12,1237170.77,2023-01-15
REST_024,Curry Leaf Kitchen,New Delhi,Saket,28.5234897,77.209631,Dine-in / Delivery,Appetizer / Beverage / Dessert / Main Course / Snack,Chicken Seekh Kabab,3.02,0.65,271.75,Mid-Range,42,38,13,38521,30826,10.0,28.5,54.8,66.2,10468013.77,8376911.1,1884242.48,1424074.89,2023-01-15
REST_025,Copper Chimney Kitchen #6,New Delhi,Connaught Place,28.6317695,77.2193804,Dine-in / Delivery,Appetizer / Beverage / Dessert / Main Course / Snack,Filter Coffee,3.04,0.61,274.84,Mid-Range,40,44,19,41897,33496,12.6,40.5,43.0,79.9,11514949.04,9206022.7,2072690.83,1565023.86,2023-01-15
REST_026,Spice Garden #7,Bangalore,Koramangala,12.9357366,77.624081,Dine-in / Delivery,Appetizer / Beverage / Dessert / Main Course / Snack,Fish Tikka,2.93,0.6,255.39,Mid-Range,38,30,17,33316,26618,8.6,41.8,42.1,87.8,8508686.82,6798061.76,1531563.63,1155670.5,2023-01-15
REST_027,Royal Biryani Darbar #7,New Delhi,Rajouri Garden,28.6484714,77.1204602,Dine-in / Delivery,Appetizer / Beverage / Dessert / Main Course / Snack,Prawn Pepper Fry,3.14,0.63,251.78,Mid-Range,25,29,23,40089,32144,13.7,23.4,20.9,82.6,10093786.59,8093359.18,1816881.59,1375871.06,2023-01-15
REST_028,Urban Bowl Co. #7,Bangalore,Indiranagar,12.9732913,77.6404672,Dine-in / Delivery,Appetizer / Beverage / Dessert / Main Course / Snack,Mishti Doi,3.27,0.7,251.59,Mid-Range,30,27,23,37856,30429,2.7,42.8,35.0,93.8,9524109.39,7655566.48,1714339.69,1301446.3,2023-01-15
REST_029,The Punjabi Rasoi #7,Bangalore,Whitefield,12.9957428,77.7579489,Dine-in / Delivery,Appetizer / Beverage / Dessert / Main Course / Snack,Virgin Mojito,3.14,0.61,347.11,Mid-Range,25,27,13,28443,22791,11.1,43.1,44.4,80.0,9872900.78,7911024.92,1777122.14,1344874.24,2023-01-15
REST_030,Dosa Factory #7,Bangalore,Koramangala,12.9357366,77.624081,Dine-in / Delivery,Appetizer / Beverage / Dessert / Main Course / Snack,Mushroom Kurkure,3.26,0.66,292.0,Mid-Range,26,34,13,40503,32497,7.5,40.5,24.8,84.8,11827006.19,9489228.45,2128861.11,1613168.84,2023-01-15
REST_031,Tandoori Nights #7,Chennai,Anna Nagar,13.088249,80.2073398,Dine-in / Delivery,Appetizer / Beverage / Dessert / Main Course / Snack,Virgin Mojito,2.9,0.61,289.2,Mid-Range,27,42,20,33498,26937,12.0,17.4,20.2,82.0,9687673.71,7790222.3,1743781.27,1324337.79,2023-01-15
REST_032,Rolls & Bowls Express #7,Chennai,T. Nagar,13.0378289,80.231836,Dine-in / Delivery,Appetizer / Beverage / Dessert / Main Course / Snack,Bisi Bele Bath,3.06,0.57,312.33,Mid-Range,38,40,23,34724,27828,16.2,15.8,40.3,75.3,10845339.53,8691513.32,1952161.12,1477557.26,2023-01-15
REST_033,Bawarchi Khana #7,Bangalore,Whitefield,12.9957428,77.7579489,Dine-in / Delivery,Appetizer / Beverage / Dessert / Main Course / Snack,Paneer Manchurian,2.84,0.55,359.81,Mid-Range,41,44,21,40550,32373,15.3,25.8,24.4,78.3,14590104.23,11647976.43,2626218.76,1980155.99,2023-01-15
REST_034,Chai & Samosa Hub #7,Bangalore,Jayanagar,12.9292731,77.5824229,Dine-in / Delivery,Appetizer / Beverage / Dessert / Main Course / Snack,Chicken Do Pyaza,2.85,0.54,295.36,Mid-Range,29,31,15,30182,24163,15.6,20.8,34.4,84.5,8914474.54,7136718.85,1604605.42,1213242.2,2023-01-15
REST_035,Kebab Boulevard,Bangalore,Indiranagar,12.9732913,77.6404672,Dine-in / Delivery,Appetizer / Beverage / Dessert / Main Course / Snack,Paneer Butter Masala,3.11,0.58,350.45,Mid-Range,42,34,14,43047,34355,14.8,23.1,35.4,62.7,15085813.73,12039703.83,2715446.47,2046749.65,2023-01-15
REST_036,Flavors of Malabar #7,Chennai,Adyar,13.00645,80.2577791,Dine-in / Delivery,Appetizer / Beverage / Dessert / Main Course / Snack,Kaju Katli,3.17,0.67,291.04,Mid-Range,33,36,16,33291,26601,3.4,42.5,35.5,68.4,9689042.9,7741979.22,1744027.72,1316136.47,2023-01-15
REST_037,The Daily Thali #7,Bangalore,Jayanagar,12.9292731,77.5824229,Dine-in / Delivery,Appetizer / Beverage / Dessert / Main Course / Snack,Schezwan Chicken,2.97,0.56,299.77,Mid-Range,37,25,24,45877,36655,13.9,31.6,41.4,74.7,13752533.25,10988057.33,2475455.98,1867969.75,2023-01-15
REST_038,Curry Leaf Kitchen #7,Chennai,Adyar,13.00645,80.2577791,Dine-in / Delivery,Appetizer / Beverage / Dessert / Main Course / Snack,Filter Coffee,3.04,0.59,350.66,Mid-Range,29,38,23,33610,26981,3.2,16.2,49.9,84.6,11785794.63,9461247.4,2121443.03,1608412.06,2023-01-15
REST_039,Kebab Boulevard #7,Chennai,T. Nagar,13.0378289,80.231836,Dine-in / Delivery,Appetizer / Beverage / Dessert / Main Course / Snack,Baingan Bharta,2.94,0.58,273.05,Mid-Range,25,29,18,38268,30584,3.2,43.5,51.0,69.1,10448916.67,8350832.75,1880805.0,1419641.57,2023-01-15
REST_040,Chilli & Pepper Wok #7,Chennai,Nungambakkam,13.0620626,80.240487,Dine-in / Delivery,Appetizer / Beverage / Dessert / Main Course / Snack,Rose Milk,2.74,0.55,318.84,Mid-Range,25,29,24,40272,32254,5.0,17.1,42.5,60.9,12840496.01,10284002.74,2311289.28,1748280.47,2023-01-15
REST_041,Mithai & Dessert Box #7,Bangalore,Jayanagar,12.9292731,77.5824229,Dine-in / Delivery,Appetizer / Beverage / Dessert / Main Course / Snack,Gajar Ka Halwa,3.28,0.7,285.79,Mid-Range,36,42,14,33182,26603,12.5,28.7,39.1,93.0,9483113.28,7602895.02,1706960.39,1292492.15,2023-01-15
REST_042,Biryani Central #7,Chennai,Velachery,12.9801655,80.2228506,Dine-in / Delivery,Appetizer / Beverage / Dessert / Main Course / Snack,Mutton Korma,2.92,0.63,333.84,Mid-Range,34,35,23,32101,25692,6.7,21.4,33.2,61.4,10716483.19,8576925.52,1928966.97,1458077.34,2023-01-15
REST_043,Udupi Sagar Express #7,Chennai,Anna Nagar,13.088249,80.2073398,Dine-in / Delivery,Appetizer / Beverage / Dessert / Main Course / Snack,Kadai Paneer,3.03,0.62,327.85,Mid-Range,34,26,14,40124,32152,6.9,18.5,44.4,82.0,13154766.96,10541124.2,2367858.05,1791991.11,2023-01-15
REST_044,The Great Indian Feast #7,Chennai,Anna Nagar,13.088249,80.2073398,Dine-in / Delivery,Appetizer / Beverage / Dessert / Main Course / Snack,Kathi Roll Chicken,2.97,0.62,264.92,Mid-Range,28,34,16,36781,29419,14.1,39.2,54.7,74.4,9744126.47,7793764.62,1753942.76,1324939.99,2023-01-15
REST_045,Kolkata Roll Corner #7,Chennai,Anna Nagar,13.088249,80.2073398,Dine-in / Delivery,Appetizer / Beverage / Dessert / Main Course / Snack,Dum Aloo Kashmiri,3.26,0.69,304.1,Mid-Range,29,36,12,32160,25803,13.0,37.2,28.3,73.2,9779893.4,7846722.3,1760380.81,1333942.79,2023-01-15
REST_046,Chilli & Pepper Wok,New Delhi,Rajouri Garden,28.6484714,77.1204602,Dine-in / Delivery,Appetizer / Beverage / Dessert / Main Course / Snack,Tandoori Soya Chaap,2.99,0.6,290.24,Mid-Range,37,43,12,41612,33261,3.3,43.8,49.7,72.4,12077374.41,9653598.73,2173927.39,1641111.78,2023-01-15
REST_047,Copper Chimney Kitchen #7,New Delhi,Karol Bagh,28.6539198,77.191078,Dine-in / Delivery,Appetizer / Beverage / Dessert / Main Course / Snack,Rasmalai,2.84,0.57,381.14,Mid-Range,39,40,16,30442,24459,3.9,33.1,39.4,67.4,11602627.53,9322274.05,2088472.96,1584786.59,2023-01-15
REST_048,Spice Garden #8,Chennai,Nungambakkam,13.0620626,80.240487,Dine-in / Delivery,Appetizer / Beverage / Dessert / Main Course / Snack,Butter Chicken,3.27,0.68,271.36,Mid-Range,31,37,16,38837,31178,10.2,16.7,39.2,75.5,10538969.53,8460591.5,1897014.52,1438300.56,2023-01-15
REST_049,Royal Biryani Darbar #8,Bangalore,Koramangala,12.9357366,77.624081,Dine-in / Delivery,Appetizer / Beverage / Dessert / Main Course / Snack,Palak Paneer,3.22,0.69,367.03,Mid-Range,33,34,21,35274,28305,12.1,18.0,22.9,84.5,12946539.93,10388722.94,2330377.19,1766082.9,2023-01-15
REST_050,Urban Bowl Co. #8,Chennai,Nungambakkam,13.0620626,80.240487,Dine-in / Delivery,Appetizer / Beverage / Dessert / Main Course / Snack,Chicken Tikka,2.92,0.62,328.87,Mid-Range,26,29,24,34304,27444,3.8,44.6,33.1,73.0,11281635.82,9025571.75,2030694.45,1534347.2,2023-01-15
REST_051,The Punjabi Rasoi #8,Pune,Aundh,18.5618834,73.8101957,Dine-in / Delivery,Appetizer / Beverage / Dessert / Main Course / Snack,Gulab Jamun with Ice Cream,2.88,0.63,335.15,Mid-Range,28,28,17,32374,25854,13.5,29.5,33.2,84.7,10849995.52,8664847.85,1952999.19,1473024.13,2023-01-15
REST_052,Dosa Factory #8,Bangalore,Whitefield,12.9957428,77.7579489,Dine-in / Delivery,Appetizer / Beverage / Dessert / Main Course / Snack,Watermelon Juice,3.09,0.58,307.43,Mid-Range,27,37,24,41454,33110,8.8,32.1,45.9,86.9,12744384.11,10179151.78,2293989.14,1730455.8,2023-01-15
REST_053,Tandoori Nights #8,Bangalore,Jayanagar,12.9292731,77.5824229,Dine-in / Delivery,Appetizer / Beverage / Dessert / Main Course / Snack,Chicken Tikka,3.02,0.63,308.77,Mid-Range,27,37,23,39991,31996,17.4,26.2,30.0,90.4,12347982.62,9879374.15,2222636.87,1679493.61,2023-01-15
REST_054,Rolls & Bowls Express #8,Bangalore,Koramangala,12.9357366,77.624081,Dine-in / Delivery,Appetizer / Beverage / Dessert / Main Course / Snack,Fish Amritsari,3.16,0.68,316.0,Mid-Range,36,37,24,39490,31576,3.2,41.7,38.5,94.8,12478817.65,9977998.13,2246187.18,1696259.68,2023-01-15
REST_055,Bawarchi Khana #8,New Delhi,Karol Bagh,28.6539198,77.191078,Dine-in / Delivery,Appetizer / Beverage / Dessert / Main Course / Snack,Gulab Jamun,3.11,0.67,256.8,Mid-Range,42,39,20,34238,27406,5.9,23.8,54.9,84.4,8792280.36,7037830.35,1582610.46,1196431.16,2023-01-15
REST_056,Chai & Samosa Hub #8,Bangalore,Jayanagar,12.9292731,77.5824229,Dine-in / Delivery,Appetizer / Beverage / Dessert / Main Course / Snack,Mango Lassi,3.02,0.63,244.5,Mid-Range,35,36,21,45252,36343,17.2,41.7,35.9,81.7,11064114.0,8885863.5,1991540.52,1510596.8,2023-01-15
REST_057,Mithai & Dessert Box,Chennai,Velachery,12.9801655,80.2228506,Dine-in / Delivery,Appetizer / Beverage / Dessert / Main Course / Snack,Hara Bhara Kabab,3.09,0.59,243.2,Mid-Range,32,42,23,49922,40053,3.7,44.2,54.5,84.4,12140873.93,9740764.06,2185357.31,1655929.89,2023-01-15
REST_058,Flavors of Malabar #8,Chennai,Nungambakkam,13.0620626,80.240487,Dine-in / Delivery,Appetizer / Beverage / Dessert / Main Course / Snack,Chicken 65,3.23,0.64,326.83,Mid-Range,37,40,24,29674,23784,4.6,17.3,52.9,74.6,9698294.07,7773277.15,1745692.93,1321457.12,2023-01-15
REST_059,The Daily Thali #8,Bangalore,Koramangala,12.9357366,77.624081,Dine-in / Delivery,Appetizer / Beverage / Dessert / Main Course / Snack,Pani Puri Platter,2.94,0.63,302.51,Mid-Range,34,42,22,28991,23082,3.2,15.8,33.2,88.4,8770186.35,6982630.52,1578633.54,1187047.19,2023-01-15
REST_060,Curry Leaf Kitchen #8,New Delhi,Karol Bagh,28.6539198,77.191078,Dine-in / Delivery,Appetizer / Beverage / Dessert / Main Course / Snack,Chicken Korma,2.94,0.6,381.31,Mid-Range,41,37,12,39906,31794,9.8,27.4,29.6,62.0,15216568.98,12123379.8,2738982.42,2060974.57,2023-01-15
REST_061,Kebab Boulevard #8,Bangalore,Koramangala,12.9357366,77.624081,Dine-in / Delivery,Appetizer / Beverage / Dessert / Main Course / Snack,Basundi,3.33,0.69,308.32,Mid-Range,27,29,16,26115,20982,17.1,40.5,28.7,75.8,8051791.31,6469181.9,1449322.44,1099760.92,2023-01-15
REST_062,Chilli & Pepper Wok #8,Bangalore,Koramangala,12.9357366,77.624081,Dine-in / Delivery,Appetizer / Beverage / Dessert / Main Course / Snack,Kaju Katli,2.92,0.63,311.74,Mid-Range,37,28,12,36329,28976,12.9,33.5,32.5,64.0,11325313.67,9033066.94,2038556.46,1535621.38,2023-01-15
REST_063,Mithai & Dessert Box #8,New Delhi,Connaught Place,28.6317695,77.2193804,Dine-in / Delivery,Appetizer / Beverage / Dessert / Main Course / Snack,Salted Mint Chaas,3.34,0.67,249.91,Mid-Range,27,42,23,41413,33169,15.2,44.0,23.1,87.7,10349680.95,8289391.44,1862942.57,1409196.54,2023-01-15
REST_064,Biryani Central #8,New Delhi,Hauz Khas,28.5475971,77.2013448,Dine-in / Delivery,Appetizer / Beverage / Dessert / Main Course / Snack,Rasmalai,3.05,0.61,284.47,Mid-Range,39,29,16,39529,31619,12.4,39.2,51.6,81.6,11244896.67,8994722.55,2024081.4,1529102.83,2023-01-15
REST_065,Udupi Sagar Express #8,Bangalore,Indiranagar,12.9732913,77.6404672,Dine-in / Delivery,Appetizer / Beverage / Dessert / Main Course / Snack,Chicken Sukka,2.93,0.6,284.98,Mid-Range,39,43,13,37652,30141,7.9,30.4,47.4,73.9,10730114.03,8589619.86,1931420.53,1460235.38,2023-01-15
REST_066,The Great Indian Feast #8,New Delhi,Rajouri Garden,28.6484714,77.1204602,Dine-in / Delivery,Appetizer / Beverage / Dessert / Main Course / Snack,Chicken Tikka Masala,2.95,0.61,301.51,Mid-Range,28,34,19,37495,29962,15.6,38.1,22.3,61.6,11304937.79,9033699.05,2034888.8,1535728.84,2023-01-15
REST_067,Kolkata Roll Corner #8,Chennai,Nungambakkam,13.0620626,80.240487,Dine-in / Delivery,Appetizer / Beverage / Dessert / Main Course / Snack,Baingan Bharta,3.21,0.63,275.81,Mid-Range,35,35,22,33900,27168,3.7,18.9,24.5,65.3,9349922.15,7493176.55,1682985.99,1273840.01,2023-01-15
REST_068,Biryani Central,Bangalore,Koramangala,12.9357366,77.624081,Dine-in / Delivery,Appetizer / Beverage / Dessert / Main Course / Snack,Jeera Rice,2.97,0.61,296.49,Mid-Range,32,28,19,42727,34231,8.9,41.2,38.0,94.1,12668189.27,10149198.09,2280274.07,1725363.68,2023-01-15
REST_069,Copper Chimney Kitchen #8,New Delhi,Karol Bagh,28.6539198,77.191078,Dine-in / Delivery,Appetizer / Beverage / Dessert / Main Course / Snack,Chicken Seekh Kabab,2.86,0.55,283.78,Mid-Range,29,42,23,29380,23577,7.9,16.0,39.2,78.7,8337377.58,6690617.8,1500727.96,1137405.03,2023-01-15
REST_070,Spice Garden #9,Chennai,Velachery,12.9801655,80.2228506,Dine-in / Delivery,Appetizer / Beverage / Dessert / Main Course / Snack,Chicken Seekh Kabab,2.99,0.64,280.27,Mid-Range,41,38,21,41136,32989,13.2,16.2,48.0,82.0,11529340.98,9245950.74,2075281.38,1571811.63,2023-01-15
REST_071,Royal Biryani Darbar #9,Chennai,Anna Nagar,13.088249,80.2073398,Dine-in / Delivery,Appetizer / Beverage / Dessert / Main Course / Snack,Paneer Tikka,3.4,0.65,278.74,Mid-Range,40,41,21,32450,26009,16.0,17.5,40.9,94.5,9045238.38,7249849.15,1628142.91,1232474.36,2023-01-15
REST_072,Urban Bowl Co. #9,Bangalore,Jayanagar,12.9292731,77.5824229,Dine-in / Delivery,Appetizer / Beverage / Dessert / Main Course / Snack,Bisi Bele Bath,3.25,0.69,302.46,Mid-Range,38,38,19,34451,27650,13.7,16.9,25.2,64.7,10420203.39,8363142.54,1875636.61,1421734.23,2023-01-15
REST_073,The Punjabi Rasoi #9,New Delhi,Saket,28.5234897,77.209631,Dine-in / Delivery,Appetizer / Beverage / Dessert / Main Course / Snack,Rasgulla,3.03,0.64,276.58,Mid-Range,35,39,23,37362,29998,4.2,28.4,38.6,68.5,10333668.18,8296916.07,1860060.27,1410475.73,2023-01-15
REST_074,Dosa Factory #9,Chennai,Adyar,13.00645,80.2577791,Dine-in / Delivery,Appetizer / Beverage / Dessert / Main Course / Snack,Rasmalai,3.0,0.55,290.33,Mid-Range,41,31,17,39173,31271,7.6,18.6,51.2,80.8,11373243.03,9079025.93,2047183.75,1543434.41,2023-01-15
REST_075,Tandoori Nights #9,New Delhi,Hauz Khas,28.5475971,77.2013448,Dine-in / Delivery,Appetizer / Beverage / Dessert / Main Course / Snack,Chicken Seekh Kabab,2.87,0.6,324.68,Mid-Range,37,42,15,35777,28705,10.8,32.6,46.1,75.1,11615957.1,9319843.72,2090872.28,1584373.43,2023-01-15
REST_076,Rolls & Bowls Express #9,Chennai,T. Nagar,13.0378289,80.231836,Dine-in / Delivery,Appetizer / Beverage / Dessert / Main Course / Snack,Tandoori Soya Chaap,3.06,0.59,320.55,Mid-Range,30,44,21,37517,29989,11.9,22.3,37.4,71.6,12025961.8,9612883.98,2164673.12,1634190.28,2023-01-15
REST_077,Bawarchi Khana #9,Chennai,Velachery,12.9801655,80.2228506,Dine-in / Delivery,Appetizer / Beverage / Dessert / Main Course / Snack,Chilli Paneer Dry,3.28,0.61,313.58,Mid-Range,30,30,18,35860,28624,10.1,40.5,23.1,88.2,11244821.91,8975788.69,2024067.94,1525884.08,2023-01-15
REST_078,Chai & Samosa Hub #9,New Delhi,Connaught Place,28.6317695,77.2193804,Dine-in / Delivery,Appetizer / Beverage / Dessert / Main Course / Snack,Veg Hakka Noodles,2.94,0.62,250.77,Mid-Range,27,43,19,32126,25634,13.3,44.9,51.4,80.2,8056328.81,6428311.42,1450139.19,1092812.94,2023-01-15
REST_079,Udupi Sagar Express,Chennai,Nungambakkam,13.0620626,80.240487,Dine-in / Delivery,Appetizer / Beverage / Dessert / Main Course / Snack,Kaju Katli,2.77,0.51,298.3,Mid-Range,41,30,14,42939,34295,15.2,36.6,38.7,76.7,12808575.64,10230096.22,2305543.62,1739116.36,2023-01-15
REST_080,Flavors of Malabar #9,New Delhi,Rajouri Garden,28.6484714,77.1204602,Dine-in / Delivery,Appetizer / Beverage / Dessert / Main Course / Snack,Paneer Kathi Roll,2.77,0.52,272.17,Mid-Range,28,43,15,28622,22803,10.4,22.3,24.0,81.4,7789995.59,6206249.37,1402199.21,1055062.39,2023-01-15
REST_081,The Daily Thali #9,Bangalore,Indiranagar,12.9732913,77.6404672,Dine-in / Delivery,Appetizer / Beverage / Dessert / Main Course / Snack,Masala Chai,2.78,0.56,293.41,Mid-Range,35,28,24,33508,26793,10.8,16.6,31.8,64.7,9831612.06,7861357.95,1769690.17,1336430.85,2023-01-15
REST_082,Curry Leaf Kitchen #9,Bangalore,Whitefield,12.9957428,77.7579489,Dine-in / Delivery,Appetizer / Beverage / Dessert / Main Course / Snack,Cold Brew Coffee,2.76,0.6,289.85,Mid-Range,37,32,13,55450,44377,3.9,19.2,20.1,64.1,16071982.26,12862513.2,2892956.81,2186627.24,2023-01-15
REST_083,Kebab Boulevard #9,Bangalore,Jayanagar,12.9292731,77.5824229,Dine-in / Delivery,Appetizer / Beverage / Dessert / Main Course / Snack,Virgin Mojito,2.72,0.55,275.47,Mid-Range,27,41,16,35072,28095,15.4,44.0,24.4,85.6,9661205.9,7739267.22,1739017.06,1315675.43,2023-01-15
REST_084,Chilli & Pepper Wok #9,Bangalore,Jayanagar,12.9292731,77.5824229,Dine-in / Delivery,Appetizer / Beverage / Dessert / Main Course / Snack,Nimbu Pani,2.91,0.55,319.56,Mid-Range,27,25,19,26081,20917,13.7,16.4,47.4,89.0,8334362.39,6684170.78,1500185.23,1136309.03,2023-01-15
REST_085,Mithai & Dessert Box #9,Bangalore,Koramangala,12.9357366,77.624081,Dine-in / Delivery,Appetizer / Beverage / Dessert / Main Course / Snack,Tender Coconut Water,2.87,0.54,296.46,Mid-Range,29,29,14,40928,32791,12.8,30.7,32.6,90.7,12133383.33,9721114.46,2184009.0,1652589.46,2023-01-15
REST_086,Biryani Central #9,Chennai,Velachery,12.9801655,80.2228506,Dine-in / Delivery,Appetizer / Beverage / Dessert / Main Course / Snack,Aloo Tikki Chaat,3.16,0.66,259.44,Mid-Range,31,32,14,41108,32961,12.2,31.2,35.4,80.2,10665132.93,8551460.7,1919723.93,1453748.32,2023-01-15
REST_087,Udupi Sagar Express #9,Bangalore,Koramangala,12.9357366,77.624081,Dine-in / Delivery,Appetizer / Beverage / Dessert / Main Course / Snack,Mutton Rogan Josh,3.17,0.67,349.7,Mid-Range,43,31,14,29824,23796,9.2,25.0,45.6,84.3,10429582.8,8321564.93,1877324.9,1414666.04,2023-01-15
REST_088,The Great Indian Feast #9,Chennai,Adyar,13.00645,80.2577791,Dine-in / Delivery,Appetizer / Beverage / Dessert / Main Course / Snack,Kadai Paneer,3.17,0.65,290.21,Mid-Range,44,31,22,40509,32506,14.7,19.6,30.9,68.7,11756269.75,9433688.92,2116128.55,1603727.12,2023-01-15
REST_089,Kolkata Roll Corner #9,Chennai,Anna Nagar,13.088249,80.2073398,Dine-in / Delivery,Appetizer / Beverage / Dessert / Main Course / Snack,Shahi Paneer,2.82,0.52,304.48,Mid-Range,26,34,16,33597,26764,16.1,25.3,48.7,63.9,10229561.11,8149060.14,1841321.0,1385340.22,2023-01-15
REST_090,The Great Indian Feast,Chennai,Adyar,13.00645,80.2577791,Dine-in / Delivery,Appetizer / Beverage / Dessert / Main Course / Snack,Matka Phirni,3.48,0.72,314.14,Mid-Range,29,39,15,36853,29410,13.7,36.6,42.4,84.3,11577001.42,9238857.4,2083860.26,1570605.76,2023-01-15
REST_091,Copper Chimney Kitchen #9,Bangalore,Whitefield,12.9957428,77.7579489,Dine-in / Delivery,Appetizer / Beverage / Dessert / Main Course / Snack,Tandoori Chicken,3.15,0.6,265.44,Mid-Range,29,44,22,38610,30885,17.4,25.3,28.0,74.8,10248608.7,8198090.64,1844749.57,1393675.41,2023-01-15
REST_092,Spice Garden #10,New Delhi,Saket,28.5234897,77.209631,Dine-in / Delivery,Appetizer / Beverage / Dessert / Main Course / Snack,Chilli Paneer Dry,2.98,0.61,318.22,Mid-Range,37,32,13,33369,26669,12.0,15.5,50.5,92.6,10618564.53,8486514.36,1911341.62,1442707.44,2023-01-15
REST_093,Royal Biryani Darbar #10,Bangalore,Indiranagar,12.9732913,77.6404672,Dine-in / Delivery,Appetizer / Beverage / Dessert / Main Course / Snack,Curd Rice,2.93,0.62,289.56,Mid-Range,29,32,21,36679,29331,14.5,26.2,22.4,62.7,10620861.07,8493156.19,1911754.99,1443836.55,2023-01-15
REST_094,Urban Bowl Co. #10,Bangalore,Mg Road,12.9755264,77.6067902,Dine-in / Delivery,Appetizer / Beverage / Dessert / Main Course / Snack,Chicken Shawarma Plate,3.03,0.65,268.9,Mid-Range,25,38,16,37639,30120,17.8,40.2,24.4,92.2,10120984.07,8099153.54,1821777.13,1376856.1,2023-01-15
REST_095,The Punjabi Rasoi #10,Bangalore,Mg Road,12.9755264,77.6067902,Dine-in / Delivery,Appetizer / Beverage / Dessert / Main Course / Snack,Gobi Manchurian Gravy,3.13,0.6,277.96,Mid-Range,39,39,20,37017,29618,14.0,21.2,47.6,81.1,10289245.32,8232619.28,1852064.16,1399545.28,2023-01-15
REST_096,Dosa Factory #10,Bangalore,Indiranagar,12.9732913,77.6404672,Dine-in / Delivery,Appetizer / Beverage / Dessert / Main Course / Snack,Rose Milk,2.89,0.57,385.35,Mid-Range,35,30,13,35144,28150,9.7,29.4,52.1,80.5,13542870.66,10847706.84,2437716.72,1844110.16,2023-01-15
REST_097,Tandoori Nights #10,New Delhi,Rajouri Garden,28.6484714,77.1204602,Dine-in / Delivery,Appetizer / Beverage / Dessert / Main Course / Snack,Veg Jalfrezi,3.09,0.66,333.17,Mid-Range,31,44,17,38341,30631,3.0,24.3,47.3,69.7,12774010.83,10205282.22,2299321.95,1734897.98,2023-01-15
REST_098,Rolls & Bowls Express #10,Chennai,Nungambakkam,13.0620626,80.240487,Dine-in / Delivery,Appetizer / Beverage / Dessert / Main Course / Snack,Chicken Tikka,3.06,0.58,280.08,Mid-Range,41,31,12,38773,31051,17.4,19.5,34.5,63.0,10859587.46,8696800.61,1954725.74,1478456.1,2023-01-15
REST_099,Bawarchi Khana #10,New Delhi,Hauz Khas,28.5475971,77.2013448,Dine-in / Delivery,Appetizer / Beverage / Dessert / Main Course / Snack,Masala Buttermilk,3.12,0.62,299.04,Mid-Range,25,37,18,40113,32043,9.1,39.0,32.2,76.4,11995532.66,9582251.46,2159195.88,1628982.75,2023-01-15
REST_100,Chai & Samosa Hub #10,New Delhi,Hauz Khas,28.5475971,77.2013448,Dine-in / Delivery,Appetizer / Beverage / Dessert / Main Course / Snack,Tandoori Prawns,3.23,0.68,317.97,Mid-Range,43,42,12,36793,29425,14.5,28.6,38.4,75.4,11699123.87,9356310.16,2105842.3,1590572.73,2023-01-15
REST_101,Kolkata Roll Corner,Bangalore,Koramangala,12.9357366,77.624081,Dine-in / Delivery,Appetizer / Beverage / Dessert / Main Course / Snack,Hyderabadi Mutton Biryani,2.86,0.6,248.85,Mid-Range,28,25,19,42513,34085,15.9,43.4,33.1,69.5,10579268.95,8481979.21,1904268.41,1441936.47,2023-01-15
REST_102,Flavors of Malabar #10,New Delhi,Connaught Place,28.6317695,77.2193804,Dine-in / Delivery,Appetizer / Beverage / Dessert / Main Course / Snack,Chicken Seekh Kabab,3.28,0.65,258.29,Mid-Range,42,31,24,42989,34465,8.8,31.6,28.9,66.9,11103754.81,8902065.87,1998675.87,1513351.2,2023-01-15
REST_103,The Daily Thali #10,Chennai,Velachery,12.9801655,80.2228506,Dine-in / Delivery,Appetizer / Beverage / Dessert / Main Course / Snack,Paneer Do Pyaza,2.96,0.58,270.32,Mid-Range,29,27,14,44316,35449,12.6,22.1,23.5,68.5,11979454.47,9582536.37,2156301.8,1629031.18,2023-01-15
REST_104,Curry Leaf Kitchen #10,Chennai,Anna Nagar,13.088249,80.2073398,Dine-in / Delivery,Appetizer / Beverage / Dessert / Main Course / Snack,Dahi Ke Kebab,2.73,0.58,293.22,Mid-Range,35,40,15,36537,29199,17.1,19.2,34.2,71.3,10713554.52,8561870.94,1928439.81,1455518.06,2023-01-15
REST_105,Kebab Boulevard #10,Chennai,Anna Nagar,13.088249,80.2073398,Dine-in / Delivery,Appetizer / Beverage / Dessert / Main Course / Snack,Hara Bhara Kabab,3.07,0.57,256.57,Mid-Range,43,40,24,36766,29481,16.1,34.3,44.6,91.9,9433221.74,7564075.78,1697979.91,1285892.88,2023-01-15
REST_106,Chilli & Pepper Wok #10,Chennai,Velachery,12.9801655,80.2228506,Dine-in / Delivery,Appetizer / Beverage / Dessert / Main Course / Snack,Iced Lemon Tea,2.93,0.57,265.4,Mid-Range,26,27,18,38951,31151,3.0,39.9,32.1,87.1,10337625.36,8267499.36,1860772.56,1405474.89,2023-01-15
REST_107,Mithai & Dessert Box #10,Bangalore,Koramangala,12.9357366,77.624081,Dine-in / Delivery,Appetizer / Beverage / Dessert / Main Course / Snack,Mutton Korma,3.02,0.58,335.41,Mid-Range,44,36,19,29441,23496,4.3,32.0,54.5,76.5,9874901.49,7880869.72,1777482.27,1339747.85,2023-01-15
REST_108,Biryani Central #10,Bangalore,Indiranagar,12.9732913,77.6404672,Dine-in / Delivery,Appetizer / Beverage / Dessert / Main Course / Snack,Aloo Gobi Adraki,3.07,0.62,287.37,Mid-Range,33,32,13,35553,28466,12.3,22.7,24.9,89.2,10216727.75,8180164.04,1839010.99,1390627.89,2023-01-15
REST_109,Udupi Sagar Express #10,Bangalore,Whitefield,12.9957428,77.7579489,Dine-in / Delivery,Appetizer / Beverage / Dessert / Main Course / Snack,Oreo Milkshake,3.23,0.65,321.08,Mid-Range,37,26,18,32113,25841,13.1,39.7,38.5,88.5,10310685.39,8296902.23,1855923.37,1410473.38,2023-01-15
REST_110,The Great Indian Feast #10,Bangalore,Indiranagar,12.9732913,77.6404672,Dine-in / Delivery,Appetizer / Beverage / Dessert / Main Course / Snack,Kulfi Falooda,2.99,0.56,315.45,Mid-Range,29,30,21,31415,25265,13.7,18.2,24.9,69.2,9909914.11,7969886.36,1783784.54,1354880.68,2023-01-15
REST_111,Kolkata Roll Corner #10,Bangalore,Whitefield,12.9957428,77.7579489,Dine-in / Delivery,Appetizer / Beverage / Dessert / Main Course / Snack,Bhel Puri,2.89,0.6,319.37,Mid-Range,26,36,24,38560,30957,12.8,20.3,52.0,74.7,12314914.62,9886743.04,2216684.63,1680746.32,2023-01-15
REST_112,Royal Biryani Darbar,Bangalore,Whitefield,12.9957428,77.7579489,Dine-in / Delivery,Appetizer / Beverage / Dessert / Main Course / Snack,Filter Coffee,2.89,0.57,304.23,Mid-Range,26,35,12,33589,26841,3.8,33.1,28.6,73.6,10218903.61,8165935.03,1839402.65,1388208.96,2023-01-15
REST_113,Copper Chimney Kitchen,Chennai,Anna Nagar,13.088249,80.2073398,Dine-in / Delivery,Appetizer / Beverage / Dessert / Main Course / Snack,Chicken Malai Tikka,2.89,0.56,311.2,Mid-Range,41,31,19,40039,32010,11.3,29.3,43.2,92.8,12459995.92,9961399.37,2242799.27,1693437.89,2023-01-15
REST_114,Copper Chimney Kitchen #10,New Delhi,Connaught Place,28.6317695,77.2193804,Dine-in / Delivery,Appetizer / Beverage / Dessert / Main Course / Snack,Kashmiri Pulao,3.08,0.59,274.52,Mid-Range,28,39,15,31863,25491,5.0,40.2,49.6,93.4,8747171.55,6997901.95,1574490.88,1189643.33,2023-01-15
REST_115,Spice Garden #2,Chennai,Adyar,13.00645,80.2577791,Dine-in / Delivery,Appetizer / Beverage / Dessert / Main Course / Snack,Chicken Tikka,3.22,0.6,262.71,Mid-Range,41,25,20,39688,31700,13.4,32.9,36.1,62.7,10426299.69,8327799.34,1876733.94,1415725.89,2023-01-15
REST_116,Royal Biryani Darbar #2,New Delhi,Connaught Place,28.6317695,77.2193804,Dine-in / Delivery,Appetizer / Beverage / Dessert / Main Course / Snack,Chicken Malai Tikka,3.09,0.63,344.64,Mid-Range,43,29,23,35667,28549,15.0,43.9,47.7,84.2,12292267.45,9839121.41,2212608.14,1672650.64,2023-01-15
REST_117,Urban Bowl Co. #2,Bangalore,Mg Road,12.9755264,77.6067902,Dine-in / Delivery,Appetizer / Beverage / Dessert / Main Course / Snack,Tandoori Soya Chaap,3.14,0.63,281.99,Mid-Range,43,32,16,39686,31723,14.3,36.7,42.3,94.3,11190959.6,8945492.4,2014372.73,1520733.71,2023-01-15
REST_118,The Punjabi Rasoi #2,Chennai,Anna Nagar,13.088249,80.2073398,Dine-in / Delivery,Appetizer / Beverage / Dessert / Main Course / Snack,Paneer Tikka,2.99,0.57,263.21,Mid-Range,33,37,21,37418,29875,3.1,36.2,52.4,66.3,9848672.04,7863303.15,1772760.97,1336761.54,2023-01-15
REST_119,Dosa Factory #2,New Delhi,Connaught Place,28.6317695,77.2193804,Dine-in / Delivery,Appetizer / Beverage / Dessert / Main Course / Snack,Pani Puri Platter,3.22,0.6,284.6,Mid-Range,31,33,14,40025,32086,16.8,44.1,53.0,76.6,11391261.25,9131792.84,2050427.02,1552404.78,2023-01-15
REST_120,Tandoori Nights #2,Chennai,Anna Nagar,13.088249,80.2073398,Dine-in / Delivery,Appetizer / Beverage / Dessert / Main Course / Snack,Basundi,3.08,0.61,291.83,Mid-Range,34,31,12,43340,34746,12.6,25.9,39.6,76.8,12647957.03,10139961.12,2276632.27,1723793.39,2023-01-15
REST_121,Rolls & Bowls Express #2,Chennai,Velachery,12.9801655,80.2228506,Dine-in / Delivery,Appetizer / Beverage / Dessert / Main Course / Snack,Hyderabadi Mutton Biryani,2.83,0.57,283.6,Mid-Range,36,31,19,33935,27080,10.9,38.7,31.2,81.9,9624081.69,7679980.32,1732334.7,1305596.65,2023-01-15
REST_122,Bawarchi Khana #2,Bangalore,Whitefield,12.9957428,77.7579489,Dine-in / Delivery,Appetizer / Beverage / Dessert / Main Course / Snack,Gulab Jamun,3.12,0.66,303.91,Mid-Range,26,27,21,30670,24693,17.9,15.0,26.5,73.4,9320964.58,7504485.77,1677773.62,1275762.58,2023-01-15
REST_123,Chai & Samosa Hub #2,Bangalore,Mg Road,12.9755264,77.6067902,Dine-in / Delivery,Appetizer / Beverage / Dessert / Main Course / Snack,Mirchi Bajji,2.9,0.63,294.15,Mid-Range,44,41,24,34515,27658,3.1,29.4,40.3,69.5,10152534.73,8135558.61,1827456.25,1383044.96,2023-01-15
REST_124,Urban Bowl Co.,Chennai,Velachery,12.9801655,80.2228506,Dine-in / Delivery,Appetizer / Beverage / Dessert / Main Course / Snack,Bhindi Masala,3.17,0.59,285.96,Mid-Range,31,44,16,34450,27473,13.9,15.1,36.4,70.4,9851351.32,7856202.46,1773243.24,1335554.42,2023-01-15
REST_125,Flavors of Malabar #2,Bangalore,Whitefield,12.9957428,77.7579489,Dine-in / Delivery,Appetizer / Beverage / Dessert / Main Course / Snack,Rose Milk,2.89,0.55,305.76,Mid-Range,40,25,16,37427,30033,17.8,27.8,33.5,83.8,11443709.46,9182914.11,2059867.7,1561095.4,2023-01-15
REST_126,The Daily Thali #2,Bangalore,Whitefield,12.9957428,77.7579489,Dine-in / Delivery,Appetizer / Beverage / Dessert / Main Course / Snack,Kaju Katli,3.02,0.63,276.38,Mid-Range,35,30,18,43019,34340,16.1,43.3,36.4,81.5,11889390.96,9490729.34,2140090.37,1613423.99,2023-01-15
REST_127,Curry Leaf Kitchen #2,New Delhi,Hauz Khas,28.5475971,77.2013448,Dine-in / Delivery,Appetizer / Beverage / Dessert / Main Course / Snack,Mutton Galouti Kabab,3.33,0.62,301.96,Mid-Range,32,44,24,36852,29411,12.6,33.2,37.9,68.1,11127984.7,8881069.09,2003037.25,1509781.75,2023-01-15
REST_128,Kebab Boulevard #2,Chennai,Adyar,13.00645,80.2577791,Dine-in / Delivery,Appetizer / Beverage / Dessert / Main Course / Snack,Mango Lassi,3.05,0.58,267.47,Mid-Range,27,30,16,33876,27224,3.4,44.1,50.9,92.5,9060820.93,7281609.07,1630947.77,1237873.54,2023-01-15
REST_129,Chilli & Pepper Wok #2,New Delhi,Hauz Khas,28.5475971,77.2013448,Dine-in / Delivery,Appetizer / Beverage / Dessert / Main Course / Snack,Vegetable Biryani,3.05,0.59,353.33,Mid-Range,27,42,13,37826,30224,13.3,19.6,48.6,67.9,13364990.18,10678989.67,2405698.23,1815428.24,2023-01-15
REST_130,Mithai & Dessert Box #2,Chennai,Adyar,13.00645,80.2577791,Dine-in / Delivery,Appetizer / Beverage / Dessert / Main Course / Snack,Idli Vada Combo,3.07,0.62,291.22,Mid-Range,33,28,16,27984,22416,3.9,41.3,29.3,64.5,8149508.04,6527993.58,1466911.45,1109758.91,2023-01-15
REST_131,Biryani Central #2,New Delhi,Rajouri Garden,28.6484714,77.1204602,Dine-in / Delivery,Appetizer / Beverage / Dessert / Main Course / Snack,Pav Bhaji,2.84,0.6,236.0,Mid-Range,34,33,19,36311,29092,16.9,37.1,29.8,68.8,8569373.31,6865693.82,1542487.2,1167167.95,2023-01-15
REST_132,Udupi Sagar Express #2,Chennai,Anna Nagar,13.088249,80.2073398,Dine-in / Delivery,Appetizer / Beverage / Dessert / Main Course / Snack,Gobi Manchurian Gravy,2.94,0.61,299.9,Mid-Range,40,42,17,39872,31939,17.4,18.3,51.3,94.7,11957750.82,9578616.66,2152395.15,1628364.83,2023-01-15
REST_133,The Great Indian Feast #2,Bangalore,Koramangala,12.9357366,77.624081,Dine-in / Delivery,Appetizer / Beverage / Dessert / Main Course / Snack,Egg Curry,2.98,0.63,261.74,Mid-Range,43,27,19,44118,35243,12.8,31.3,50.3,85.7,11547376.86,9224448.13,2078527.83,1568156.18,2023-01-15
REST_134,Kolkata Roll Corner #2,Chennai,Nungambakkam,13.0620626,80.240487,Dine-in / Delivery,Appetizer / Beverage / Dessert / Main Course / Snack,Hara Bhara Kabab,3.25,0.66,264.6,Mid-Range,25,40,20,33351,26643,7.7,22.2,52.6,63.7,8824741.3,7049791.09,1588453.43,1198464.49,2023-01-15
REST_135,The Punjabi Rasoi,Chennai,Velachery,12.9801655,80.2228506,Dine-in / Delivery,Appetizer / Beverage / Dessert / Main Course / Snack,Masala Chai,2.97,0.56,265.83,Mid-Range,29,35,24,38264,30653,16.0,15.9,48.9,64.5,10171711.62,8148480.98,1830908.09,1385241.77,2023-01-15
REST_136,Copper Chimney Kitchen #2,New Delhi,Hauz Khas,28.5475971,77.2013448,Dine-in / Delivery,Appetizer / Beverage / Dessert / Main Course / Snack,Shahi Tukda,3.11,0.66,283.22,Mid-Range,42,28,13,32996,26469,15.4,30.2,20.2,70.0,9345134.62,7496556.2,1682124.23,1274414.55,2023-01-15
REST_137,Spice Garden #3,Mumbai,Andheri,19.1196976,72.8464205,Dine-in / Delivery,Appetizer / Beverage / Dessert / Main Course / Snack,Veg Spring Rolls,3.1,0.67,266.44,Mid-Range,41,32,13,33205,26682,12.3,31.2,47.3,63.7,8847298.68,7109279.43,1592513.76,1208577.5,2023-01-15
REST_138,Royal Biryani Darbar #3,Bangalore,Mg Road,12.9755264,77.6067902,Dine-in / Delivery,Appetizer / Beverage / Dessert / Main Course / Snack,Shahi Tukda,2.83,0.56,249.81,Mid-Range,26,39,16,35717,28521,4.1,43.1,44.1,62.4,8922590.27,7124932.02,1606066.25,1211238.44,2023-01-15
REST_139,Urban Bowl Co. #3,Bangalore,Koramangala,12.9357366,77.624081,Dine-in / Delivery,Appetizer / Beverage / Dessert / Main Course / Snack,Gobi Manchurian Gravy,3.15,0.66,319.93,Mid-Range,41,34,17,34461,27432,7.9,33.6,21.6,90.5,11025092.41,8776307.57,1984516.63,1491972.29,2023-01-15
REST_140,The Punjabi Rasoi #3,Bangalore,Jayanagar,12.9292731,77.5824229,Dine-in / Delivery,Appetizer / Beverage / Dessert / Main Course / Snack,Chole Bhature,3.28,0.65,341.58,Mid-Range,27,44,24,32946,26232,8.4,17.0,48.8,73.0,11253824.93,8960430.27,2025688.49,1523273.15,2023-01-15
REST_141,Dosa Factory #3,Bangalore,Indiranagar,12.9732913,77.6404672,Dine-in / Delivery,Appetizer / Beverage / Dessert / Main Course / Snack,Paneer Malai Tikka,3.02,0.55,247.89,Mid-Range,26,38,13,33649,26849,18.0,27.8,35.8,65.7,8341175.83,6655538.95,1501411.65,1131441.62,2023-01-15
REST_142,Tandoori Nights #3,Bangalore,Indiranagar,12.9732913,77.6404672,Dine-in / Delivery,Appetizer / Beverage / Dessert / Main Course / Snack,Chicken Do Pyaza,2.97,0.61,273.71,Mid-Range,44,26,15,40283,32160,12.6,23.2,53.3,65.3,11025710.73,8802394.49,1984627.93,1496407.06,2023-01-15
REST_143,Rolls & Bowls Express #3,New Delhi,Hauz Khas,28.5475971,77.2013448,Dine-in / Delivery,Appetizer / Beverage / Dessert / Main Course / Snack,Pav Bhaji,3.13,0.67,292.97,Mid-Range,29,44,17,38111,30436,14.3,28.3,30.9,71.2,11165499.23,8916930.41,2009789.86,1515878.17,2023-01-15
REST_144,Bawarchi Khana #3,Bangalore,Koramangala,12.9357366,77.624081,Dine-in / Delivery,Appetizer / Beverage / Dessert / Main Course / Snack,Filter Coffee,2.98,0.62,342.67,Mid-Range,27,41,20,44140,35194,13.6,31.9,36.5,79.0,15125377.7,12059867.3,2722567.99,2050177.44,2023-01-15
REST_145,Chai & Samosa Hub #3,Chennai,Adyar,13.00645,80.2577791,Dine-in / Delivery,Appetizer / Beverage / Dessert / Main Course / Snack,Chicken 65,2.84,0.53,300.44,Mid-Range,32,39,22,30534,24524,15.6,37.8,41.9,64.6,9173718.93,7368058.0,1651269.41,1252569.86,2023-01-15
REST_146,Dosa Factory,Mumbai,Andheri,19.1196976,72.8464205,Dine-in / Delivery,Appetizer / Beverage / Dessert / Main Course / Snack,Virgin Mojito,3.27,0.7,341.61,Mid-Range,27,44,20,27955,22243,2.5,32.9,41.3,68.7,9549586.66,7598335.04,1718925.6,1291716.96,2023-01-15
REST_147,Flavors of Malabar #3,Chennai,Anna Nagar,13.088249,80.2073398,Dine-in / Delivery,Appetizer / Beverage / Dessert / Main Course / Snack,Pista Kulfi,2.93,0.56,282.35,Mid-Range,26,32,22,33288,26789,17.8,19.5,36.3,83.8,9398962.97,7563951.54,1691813.33,1285871.76,2023-01-15
REST_148,The Daily Thali #3,Bangalore,Indiranagar,12.9732913,77.6404672,Dine-in / Delivery,Appetizer / Beverage / Dessert / Main Course / Snack,Chilli Chicken Gravy,2.93,0.63,309.12,Mid-Range,30,35,24,44431,35589,14.2,43.6,51.8,85.3,13734621.8,11001360.65,2472231.92,1870231.31,2023-01-15
REST_149,Curry Leaf Kitchen #3,Bangalore,Mg Road,12.9755264,77.6067902,Dine-in / Delivery,Appetizer / Beverage / Dessert / Main Course / Snack,Green Tea,2.85,0.53,294.5,Mid-Range,36,38,17,42593,34019,12.1,36.1,39.6,60.3,12543668.92,10018619.8,2257860.41,1703165.37,2023-01-15
REST_150,Kebab Boulevard #3,Chennai,Adyar,13.00645,80.2577791,Dine-in / Delivery,Appetizer / Beverage / Dessert / Main Course / Snack,Chicken 65,2.93,0.59,283.48,Mid-Range,33,37,12,38146,30441,15.3,25.7,31.3,94.2,10813807.59,8629557.93,1946485.37,1467024.85,2023-01-15
REST_151,Chilli & Pepper Wok #3,New Delhi,Saket,28.5234897,77.209631,Dine-in / Delivery,Appetizer / Beverage / Dessert / Main Course / Snack,Cold Brew Coffee,3.02,0.63,279.4,Mid-Range,26,34,18,35559,28497,12.9,43.5,24.3,91.4,9935229.05,7962097.42,1788341.23,1353556.56,2023-01-15
REST_152,Mithai & Dessert Box #3,Bangalore,Mg Road,12.9755264,77.6067902,Dine-in / Delivery,Appetizer / Beverage / Dessert / Main Course / Snack,Green Tea,3.1,0.63,351.77,Mid-Range,33,42,23,35418,28333,16.0,36.4,48.1,71.9,12459121.12,9966804.41,2242641.8,1694356.75,2023-01-15
REST_153,Biryani Central #3,New Delhi,Saket,28.5234897,77.209631,Dine-in / Delivery,Appetizer / Beverage / Dessert / Main Course / Snack,Bhindi Masala,2.9,0.6,260.91,Mid-Range,40,28,17,37801,30146,15.2,28.6,42.5,78.4,9862477.17,7865247.93,1775245.89,1337092.15,2023-01-15
REST_154,Udupi Sagar Express #3,Bangalore,Indiranagar,12.9732913,77.6404672,Dine-in / Delivery,Appetizer / Beverage / Dessert / Main Course / Snack,Aloo Tikki Chaat,3.35,0.63,292.58,Mid-Range,36,36,24,40765,32541,9.9,33.5,31.5,76.5,11927159.58,9520954.25,2146888.72,1618562.22,2023-01-15
REST_155,The Great Indian Feast #3,Bangalore,Mg Road,12.9755264,77.6067902,Dine-in / Delivery,Appetizer / Beverage / Dessert / Main Course / Snack,Sweet Lassi,3.25,0.69,324.19,Mid-Range,43,36,13,30227,24179,2.8,34.6,31.6,79.0,9799409.09,7838684.37,1763893.64,1332576.34,2023-01-15
REST_156,Kolkata Roll Corner #3,Bangalore,Indiranagar,12.9732913,77.6404672,Dine-in / Delivery,Appetizer / Beverage / Dessert / Main Course / Snack,Dragon Chicken,2.62,0.48,261.2,Mid-Range,43,27,24,31913,25614,3.6,15.9,29.0,76.2,8335601.38,6690317.23,1500408.25,1137353.93,2023-01-15
REST_157,Tandoori Nights,New Delhi,Saket,28.5234897,77.209631,Dine-in / Delivery,Appetizer / Beverage / Dessert / Main Course / Snack,Mutton Rogan Josh,2.89,0.57,337.79,Mid-Range,44,29,15,35593,28558,13.9,38.0,37.7,79.0,12022898.89,9646558.21,2164121.8,1639914.9,2023-01-15
REST_158,Copper Chimney Kitchen #3,Bangalore,Whitefield,12.9957428,77.7579489,Dine-in / Delivery,Appetizer / Beverage / Dessert / Main Course / Snack,Amritsari Kulcha Platter,3.02,0.61,315.37,Mid-Range,26,28,13,35528,28375,11.8,38.8,42.9,94.7,11204503.16,8948653.94,2016810.57,1521271.17,2023-01-15
REST_159,Spice Garden #4,Mumbai,Juhu,19.1070215,72.8275275,Dine-in / Delivery,Appetizer / Beverage / Dessert / Main Course / Snack,Baingan Bharta,3.02,0.57,322.54,Mid-Range,37,42,19,38235,30564,15.5,22.1,47.2,74.2,12332469.84,9858234.82,2219844.57,1675899.92,2023-01-15
REST_160,Royal Biryani Darbar #4,New Delhi,Saket,28.5234897,77.209631,Dine-in / Delivery,Appetizer / Beverage / Dessert / Main Course / Snack,Sambar Rice,3.05,0.58,288.49,Mid-Range,38,26,18,40791,32605,8.9,17.1,35.3,63.4,11767991.99,9406373.44,2118238.56,1599083.48,2023-01-15
REST_161,Urban Bowl Co. #4,New Delhi,Hauz Khas,28.5475971,77.2013448,Dine-in / Delivery,Appetizer / Beverage / Dessert / Main Course / Snack,Paneer Do Pyaza,3.08,0.62,283.43,Mid-Range,31,44,13,33599,26890,4.0,34.6,30.9,74.0,9522903.48,7621383.81,1714122.63,1295635.25,2023-01-15
REST_162,The Punjabi Rasoi #4,Chennai,T. Nagar,13.0378289,80.231836,Dine-in / Delivery,Appetizer / Beverage / Dessert / Main Course / Snack,Rose Milk,3.16,0.62,320.81,Mid-Range,32,36,19,32782,26100,8.6,22.1,28.2,90.9,10516808.67,8373153.14,1893025.56,1423436.03,2023-01-15
REST_163,Dosa Factory #4,New Delhi,Rajouri Garden,28.6484714,77.1204602,Dine-in / Delivery,Appetizer / Beverage / Dessert / Main Course / Snack,Hara Bhara Kabab,2.82,0.55,324.8,Mid-Range,34,36,20,43147,34437,9.2,22.5,41.6,84.7,14013970.09,11184997.52,2522514.62,1901449.58,2023-01-15
REST_164,Tandoori Nights #4,Bangalore,Koramangala,12.9357366,77.624081,Dine-in / Delivery,Appetizer / Beverage / Dessert / Main Course / Snack,Matka Phirni,2.87,0.54,275.61,Mid-Range,35,29,16,35173,28205,10.8,38.5,44.7,75.6,9694030.53,7773580.05,1744925.5,1321508.61,2023-01-15
REST_165,Rolls & Bowls Express #4,Bangalore,Jayanagar,12.9292731,77.5824229,Dine-in / Delivery,Appetizer / Beverage / Dessert / Main Course / Snack,Kathi Roll Chicken,3.23,0.62,258.75,Mid-Range,44,42,13,34770,27861,4.4,21.9,21.8,82.4,8996781.89,7209069.32,1619420.74,1225541.78,2023-01-15
REST_166,Bawarchi Khana #4,Pune,Baner,18.5589937,73.7845232,Dine-in / Delivery,Appetizer / Beverage / Dessert / Main Course / Snack,Moong Dal Halwa,3.19,0.62,269.69,Mid-Range,41,43,23,37949,30390,4.8,44.6,53.8,60.2,10234378.24,8195808.97,1842188.08,1393287.52,2023-01-15
REST_167,Chai & Samosa Hub #4,Bangalore,Jayanagar,12.9292731,77.5824229,Dine-in / Delivery,Appetizer / Beverage / Dessert / Main Course / Snack,Jeera Rice,2.63,0.56,299.29,Mid-Range,39,35,13,43904,35112,7.8,31.0,24.4,64.6,13139842.13,10508521.7,2365171.58,1786448.69,2023-01-15
REST_168,Rolls & Bowls Express,Bangalore,Whitefield,12.9957428,77.7579489,Dine-in / Delivery,Appetizer / Beverage / Dessert / Main Course / Snack,Dahi Puri,3.03,0.65,313.33,Mid-Range,32,42,16,36136,28947,4.0,35.2,35.5,90.4,11322470.29,9069945.42,2038044.65,1541890.72,2023-01-15
REST_169,Flavors of Malabar #4,Bangalore,Jayanagar,12.9292731,77.5824229,Dine-in / Delivery,Appetizer / Beverage / Dessert / Main Course / Snack,Veg Jalfrezi,2.88,0.59,310.87,Mid-Range,35,34,13,33875,27065,6.3,39.9,50.3,86.9,10530811.58,8413768.72,1895546.08,1430340.68,2023-01-15
REST_170,The Daily Thali #4,Pune,Hinjawadi,18.5927532,73.7382151,Dine-in / Delivery,Appetizer / Beverage / Dessert / Main Course / Snack,Dal Makhani,2.99,0.62,313.53,Mid-Range,25,25,14,37071,29688,17.1,39.8,43.3,80.2,11622928.78,9308125.21,2092127.18,1582381.29,2023-01-15
REST_171,Curry Leaf Kitchen #4,Bangalore,Indiranagar,12.9732913,77.6404672,Dine-in / Delivery,Appetizer / Beverage / Dessert / Main Course / Snack,Baingan Bharta,2.86,0.62,266.3,Mid-Range,33,40,24,42229,33694,14.6,32.0,45.8,90.7,11245589.98,8972718.01,2024206.2,1525362.06,2023-01-15
REST_172,Kebab Boulevard #4,Chennai,T. Nagar,13.0378289,80.231836,Dine-in / Delivery,Appetizer / Beverage / Dessert / Main Course / Snack,Chicken 65,3.22,0.63,244.06,Mid-Range,30,43,17,35399,28321,16.5,41.3,31.1,90.4,8639374.5,6911938.9,1555087.41,1175029.61,2023-01-15
REST_173,Chilli & Pepper Wok #4,New Delhi,Karol Bagh,28.6539198,77.191078,Dine-in / Delivery,Appetizer / Beverage / Dessert / Main Course / Snack,Bhindi Masala,2.87,0.55,305.46,Mid-Range,31,39,12,41793,33419,8.2,26.9,44.3,73.6,12766173.37,10208234.58,2297911.21,1735399.88,2023-01-15
REST_174,Mithai & Dessert Box #4,New Delhi,Hauz Khas,28.5475971,77.2013448,Dine-in / Delivery,Appetizer / Beverage / Dessert / Main Course / Snack,Hara Bhara Kabab,3.24,0.65,296.15,Mid-Range,27,36,17,37055,29564,3.6,33.1,43.4,81.7,10973981.93,8755493.24,1975316.75,1488433.85,2023-01-15
REST_175,Biryani Central #4,Bangalore,Jayanagar,12.9292731,77.5824229,Dine-in / Delivery,Appetizer / Beverage / Dessert / Main Course / Snack,Watermelon Juice,2.92,0.57,344.81,Mid-Range,32,40,13,33378,26572,9.9,15.8,31.9,73.3,11508972.81,9162215.4,2071615.11,1557576.62,2023-01-15
REST_176,Udupi Sagar Express #4,Chennai,Nungambakkam,13.0620626,80.240487,Dine-in / Delivery,Appetizer / Beverage / Dessert / Main Course / Snack,Bhel Puri,3.17,0.61,301.12,Mid-Range,28,39,22,51222,40976,14.4,39.4,45.1,93.4,15424093.04,12338792.63,2776336.75,2097594.75,2023-01-15
REST_177,The Great Indian Feast #4,New Delhi,Saket,28.5234897,77.209631,Dine-in / Delivery,Appetizer / Beverage / Dessert / Main Course / Snack,Pista Kulfi,2.93,0.58,236.51,Mid-Range,40,39,16,42330,33998,16.4,22.3,52.4,62.1,10011360.55,8040780.44,1802044.9,1366932.67,2023-01-15
REST_178,Kolkata Roll Corner #4,Chennai,T. Nagar,13.0378289,80.231836,Dine-in / Delivery,Appetizer / Beverage / Dessert / Main Course / Snack,Malai Kofta,3.32,0.65,292.71,Mid-Range,26,38,24,38910,31252,12.1,30.7,43.5,92.5,11389241.34,9147688.78,2050063.44,1555107.09,2023-01-15
REST_179,Bawarchi Khana,Chennai,Adyar,13.00645,80.2577791,Dine-in / Delivery,Appetizer / Beverage / Dessert / Main Course / Snack,Paneer Butter Masala,2.85,0.58,277.09,Mid-Range,34,28,13,46050,36750,8.7,44.3,48.8,78.3,12759779.6,10182886.0,2296760.33,1731090.62,2023-01-15
REST_180,Copper Chimney Kitchen #4,Bangalore,Mg Road,12.9755264,77.6067902,Dine-in / Delivery,Appetizer / Beverage / Dessert / Main Course / Snack,Dal Tadka,3.07,0.65,344.85,Mid-Range,31,37,18,42901,34410,7.1,38.8,26.5,92.1,14794317.48,11866214.41,2662977.15,2017256.45,2023-01-15
REST_181,Spice Garden #5,Bangalore,Whitefield,12.9957428,77.7579489,Dine-in / Delivery,Appetizer / Beverage / Dessert / Main Course / Snack,Prawn Pepper Fry,2.73,0.58,286.09,Mid-Range,25,36,19,45303,36293,10.7,18.4,20.1,82.3,12960727.59,10383058.22,2332930.97,1765119.9,2023-01-15
REST_182,Royal Biryani Darbar #5,Chennai,Adyar,13.00645,80.2577791,Dine-in / Delivery,Appetizer / Beverage / Dessert / Main Course / Snack,Mishti Doi,3.01,0.63,296.97,Mid-Range,39,34,19,39840,31992,8.9,40.2,51.5,72.4,11831299.83,9500676.31,2129633.97,1615114.97,2023-01-15
REST_183,Urban Bowl Co. #5,Chennai,Anna Nagar,13.088249,80.2073398,Dine-in / Delivery,Appetizer / Beverage / Dessert / Main Course / Snack,Nimbu Pani,3.05,0.64,288.77,Mid-Range,42,43,15,35608,28454,9.1,35.0,23.3,81.8,10282406.05,8216568.8,1850833.09,1396816.7,2023-01-15
REST_184,The Punjabi Rasoi #5,Bangalore,Jayanagar,12.9292731,77.5824229,Dine-in / Delivery,Appetizer / Beverage / Dessert / Main Course / Snack,Malai Kofta,2.62,0.49,360.66,Mid-Range,27,36,13,40347,32200,9.8,31.1,26.2,70.9,14551704.2,11613375.85,2619306.76,1974273.89,2023-01-15
REST_185,Dosa Factory #5,Bangalore,Koramangala,12.9357366,77.624081,Dine-in / Delivery,Appetizer / Beverage / Dessert / Main Course / Snack,Cold Brew Coffee,2.78,0.57,254.57,Mid-Range,33,38,24,34702,27791,11.7,29.9,54.6,64.8,8833952.35,7074646.12,1590111.42,1202689.84,2023-01-15
REST_186,Tandoori Nights #5,New Delhi,Hauz Khas,28.5475971,77.2013448,Dine-in / Delivery,Appetizer / Beverage / Dessert / Main Course / Snack,Fish Amritsari,2.94,0.58,258.34,Mid-Range,31,33,12,49924,40017,2.7,25.2,48.7,81.1,12897596.58,10338176.47,2321567.38,1757490.0,2023-01-15
REST_187,Rolls & Bowls Express #5,Chennai,T. Nagar,13.0378289,80.231836,Dine-in / Delivery,Appetizer / Beverage / Dessert / Main Course / Snack,Bisi Bele Bath,3.09,0.66,288.44,Mid-Range,37,38,15,47961,38329,3.8,41.8,26.7,71.3,13833870.84,11055616.76,2490096.75,1879454.85,2023-01-15
REST_188,Bawarchi Khana #5,Bangalore,Koramangala,12.9357366,77.624081,Dine-in / Delivery,Appetizer / Beverage / Dessert / Main Course / Snack,Kaju Katli,2.75,0.54,304.07,Mid-Range,28,37,12,34227,27353,15.4,35.1,22.4,82.4,10407396.61,8317220.89,1873331.39,1413927.55,2023-01-15
REST_189,Chai & Samosa Hub #5,Chennai,T. Nagar,13.0378289,80.231836,Dine-in / Delivery,Appetizer / Beverage / Dessert / Main Course / Snack,Rose Milk,2.93,0.6,250.26,Mid-Range,36,27,17,35867,28737,12.9,44.8,43.2,79.5,8976150.14,7191781.49,1615707.03,1222602.85,2023-01-15
REST_190,Chai & Samosa Hub,Bangalore,Koramangala,12.9357366,77.624081,Dine-in / Delivery,Appetizer / Beverage / Dessert / Main Course / Snack,Tandoori Soya Chaap,3.03,0.59,308.88,Mid-Range,36,28,16,38402,30673,5.2,35.7,27.0,78.8,11861775.42,9474408.55,2135119.58,1610649.45,2023-01-15
REST_191,Flavors of Malabar #5,Chennai,Adyar,13.00645,80.2577791,Dine-in / Delivery,Appetizer / Beverage / Dessert / Main Course / Snack,Rasgulla,2.72,0.54,319.76,Mid-Range,40,36,12,31879,25509,7.2,44.4,36.6,73.4,10193636.29,8156763.64,1834854.53,1386649.82,2023-01-15
REST_192,The Daily Thali #5,Mumbai,Juhu,19.1070215,72.8275275,Dine-in / Delivery,Appetizer / Beverage / Dessert / Main Course / Snack,Kadhai Chicken,2.82,0.61,325.8,Mid-Range,29,44,19,33167,26607,14.4,22.3,43.5,63.3,10805770.03,8668529.66,1945038.61,1473650.04,2023-01-15
REST_193,Curry Leaf Kitchen #5,New Delhi,Karol Bagh,28.6539198,77.191078,Dine-in / Delivery,Appetizer / Beverage / Dessert / Main Course / Snack,Mutton Korma,3.12,0.59,284.15,Mid-Range,40,36,17,33909,27039,5.0,16.9,24.1,68.0,9635355.38,7683221.98,1734363.97,1306147.74,2023-01-15
REST_194,Kebab Boulevard #5,Bangalore,Whitefield,12.9957428,77.7579489,Dine-in / Delivery,Appetizer / Beverage / Dessert / Main Course / Snack,Baingan Bharta,2.96,0.55,311.2,Mid-Range,33,25,22,39225,31432,15.3,23.4,53.0,90.6,12206708.99,9781549.44,2197207.62,1662863.4,2023-01-15
REST_195,Chilli & Pepper Wok #5,New Delhi,Saket,28.5234897,77.209631,Dine-in / Delivery,Appetizer / Beverage / Dessert / Main Course / Snack,Basundi,2.99,0.63,333.47,Mid-Range,39,29,15,35295,28394,5.7,42.9,24.1,88.6,11769785.29,9468516.32,2118561.35,1609647.77,2023-01-15
REST_196,Mithai & Dessert Box #5,Bangalore,Jayanagar,12.9292731,77.5824229,Dine-in / Delivery,Appetizer / Beverage / Dessert / Main Course / Snack,Badam Milk,3.21,0.68,305.97,Mid-Range,38,30,14,39719,31905,14.7,24.1,22.8,74.1,12152732.5,9761900.61,2187491.85,1659523.1,2023-01-15
REST_197,Biryani Central #5,Chennai,Velachery,12.9801655,80.2228506,Dine-in / Delivery,Appetizer / Beverage / Dessert / Main Course / Snack,Paneer Manchurian,3.21,0.66,297.98,Mid-Range,42,38,15,34500,27638,11.4,43.0,40.1,76.8,10280220.0,8235499.14,1850439.6,1400034.85,2023-01-15
REST_198,Udupi Sagar Express #5,Chennai,Velachery,12.9801655,80.2228506,Dine-in / Delivery,Appetizer / Beverage / Dessert / Main Course / Snack,Chole Bhature,3.11,0.63,389.34,Mid-Range,25,38,17,38922,31275,15.4,24.5,53.3,88.9,15154082.56,12176762.04,2727734.86,2070049.55,2023-01-15
REST_199,The Great Indian Feast #5,New Delhi,Hauz Khas,28.5475971,77.2013448,Dine-in / Delivery,Appetizer / Beverage / Dessert / Main Course / Snack,Schezwan Chicken,3.18,0.6,337.31,Mid-Range,26,28,20,25545,20440,6.1,17.4,47.2,64.3,8616689.14,6894700.56,1551004.05,1172099.1,2023-01-15
REST_200,Kolkata Roll Corner #5,Bangalore,Whitefield,12.9957428,77.7579489,Dine-in / Delivery,Appetizer / Beverage / Dessert / Main Course / Snack,Chicken Tikka Masala,3.02,0.65,349.04,Mid-Range,44,42,24,24671,19804,4.1,34.2,27.6,81.7,8611078.77,6912318.26,1549994.18,1175094.1,2023-01-15
